Month Absence Occurred,Monthday Range Absence Occurred,Weekday Absence Occurred,Disease Absence,Other Factor Absence,Not-Major Issue Absence,Education,Has 1 Child,Has 2 Children,Has More than 2 Children,Has 1 Pet,Has 2 Pets,Has More than 2 Pets,Transportation Expense,Distance to Work,Age,Daily Work Load Average,Body Mass Index,Extensive Absenteeism Time in Hours
7,2,2,0,0,1,0,0,1,0,1,0,0,289,36,33,239.554,30,1
7,3,2,1,0,0,0,1,0,0,0,0,0,118,13,50,239.554,31,0
7,3,3,0,0,1,0,0,0,0,0,0,0,179,51,38,239.554,31,0
7,4,4,1,0,0,0,0,1,0,0,0,0,279,5,39,239.554,24,1
7,5,4,0,0,1,0,0,1,0,1,0,0,289,36,33,239.554,30,0
7,2,5,0,0,1,0,0,0,0,0,0,0,179,51,38,239.554,31,0
7,4,5,0,0,1,0,1,0,0,0,0,1,361,52,28,239.554,27,1
7,5,5,0,0,1,0,0,0,1,0,0,0,260,50,36,239.554,23,1
7,2,1,0,1,0,0,0,1,0,0,0,0,155,12,34,239.554,25,1
7,3,1,0,0,1,1,1,0,0,1,0,0,235,11,37,239.554,29,1
7,4,1,1,0,0,0,0,0,1,0,0,0,260,50,36,239.554,23,1
7,3,2,1,0,0,0,0,0,1,0,0,0,260,50,36,239.554,23,1
7,3,3,1,0,0,0,0,0,1,0,0,0,260,50,36,239.554,23,1
7,3,3,1,0,0,0,0,0,0,0,0,0,179,51,38,239.554,31,0
7,3,3,0,0,1,0,0,0,0,0,0,0,179,51,38,239.554,31,1
7,4,5,1,0,0,0,0,0,0,0,0,0,246,25,41,239.554,23,1
7,4,5,0,0,1,0,0,0,0,0,0,0,179,51,38,239.554,31,0
7,6,1,0,1,0,0,0,0,0,0,0,0,179,51,38,239.554,31,1
7,6,4,1,0,0,0,0,1,0,0,1,0,189,29,33,239.554,25,1
8,1,3,0,0,1,0,0,1,0,1,0,0,248,25,47,205.917,32,0
8,3,3,1,0,0,1,0,0,0,0,0,0,330,16,28,205.917,25,1
8,1,1,1,0,0,0,0,0,0,0,0,0,179,51,38,205.917,31,0
8,2,1,1,0,0,0,1,0,0,0,0,1,361,52,28,205.917,27,1
8,3,5,0,0,1,0,0,0,1,0,0,0,260,50,36,205.917,23,1
8,4,1,0,1,0,0,0,1,0,1,0,0,289,36,33,205.917,30,1
8,5,1,0,0,1,0,1,0,0,0,0,1,361,52,28,205.917,27,1
8,1,2,0,0,1,0,0,1,0,1,0,0,289,36,33,205.917,30,0
8,3,3,0,0,1,0,0,0,0,0,0,0,157,27,29,205.917,22,1
8,4,3,0,1,0,0,0,1,0,1,0,0,289,36,33,205.917,30,1
8,6,5,0,0,1,0,0,0,0,0,0,0,179,51,38,205.917,31,0
8,4,1,0,1,0,0,0,0,0,0,0,0,179,51,38,205.917,31,1
8,6,4,0,1,0,0,1,0,0,0,0,1,235,29,48,205.917,33,1
8,6,4,0,0,1,1,1,0,0,1,0,0,235,11,37,205.917,29,1
8,4,1,0,1,0,0,1,0,0,0,0,1,235,29,48,205.917,33,1
8,4,1,0,0,1,0,0,0,0,0,0,0,179,51,38,205.917,31,0
8,4,1,0,0,1,0,1,0,0,0,0,1,361,52,28,205.917,27,0
8,1,2,0,0,1,0,0,1,0,1,0,0,289,36,33,205.917,30,1
8,4,4,1,0,0,0,0,0,0,0,0,0,291,50,32,205.917,23,1
8,5,5,0,0,1,0,1,0,0,0,0,1,235,29,48,205.917,33,1
8,6,5,0,0,1,0,0,0,1,0,0,0,260,50,36,205.917,23,1
9,1,2,0,0,1,0,0,0,0,0,0,0,184,42,27,241.476,21,0
9,2,1,0,0,1,0,0,0,0,0,0,0,118,10,37,241.476,28,1
9,1,2,0,0,1,0,0,0,0,0,0,0,179,51,38,241.476,31,1
9,2,2,0,1,0,0,1,0,0,0,0,0,235,20,43,241.476,38,1
9,2,3,0,0,1,0,0,1,0,0,0,0,155,12,34,241.476,25,0
9,3,6,0,0,1,0,0,0,0,0,0,0,118,10,37,241.476,28,0
9,3,1,0,0,1,0,0,0,0,0,0,0,179,51,38,241.476,31,0
9,5,4,0,0,1,0,1,0,0,1,0,0,291,31,40,241.476,25,1
9,1,5,0,0,1,0,0,0,1,0,0,0,260,50,36,241.476,23,1
9,3,1,1,0,0,0,1,0,0,1,0,0,291,31,40,241.476,25,1
9,5,1,1,0,0,0,0,0,1,0,0,0,260,50,36,241.476,23,0
9,6,1,1,0,0,0,1,0,0,0,1,0,225,26,28,241.476,24,0
9,2,2,0,0,1,0,1,0,0,0,1,0,225,26,28,241.476,24,0
9,3,2,0,0,1,0,0,0,0,0,0,0,118,10,37,241.476,28,0
9,5,2,1,0,0,0,0,1,0,1,0,0,289,36,33,241.476,30,0
9,6,2,1,0,0,0,1,0,0,0,0,0,118,13,50,241.476,31,0
9,4,3,0,1,0,0,1,0,0,0,1,0,225,26,28,241.476,24,0
9,5,3,0,0,1,0,0,0,0,0,0,0,179,51,38,241.476,31,0
9,6,3,1,0,0,0,0,0,1,0,0,0,369,17,31,241.476,25,0
9,3,5,0,0,1,0,0,1,0,1,0,0,248,25,47,241.476,32,0
9,4,5,0,0,1,0,0,0,0,0,0,0,179,51,38,241.476,31,0
9,5,5,0,0,1,0,0,0,1,0,0,0,260,50,36,241.476,23,1
10,2,2,0,0,1,0,0,0,0,0,0,0,179,51,38,253.465,31,0
10,3,2,0,0,1,0,0,0,0,0,0,0,118,10,37,253.465,28,0
10,3,3,1,0,0,0,1,0,0,0,0,0,118,13,50,253.465,31,0
10,3,4,0,0,1,1,0,0,0,0,0,0,179,26,30,253.465,19,0
10,4,5,0,0,1,0,0,0,0,0,0,0,179,51,38,253.465,31,0
10,4,5,0,0,1,0,1,0,0,0,1,0,225,26,28,253.465,24,0
10,2,2,0,0,1,0,0,0,0,0,0,0,118,10,37,253.465,28,0
10,3,3,0,0,1,0,1,0,0,0,1,0,225,26,28,253.465,24,0
10,5,3,0,0,1,0,0,1,0,1,0,0,248,25,47,253.465,32,0
10,5,4,0,0,1,0,1,0,0,1,0,0,291,31,40,253.465,25,1
10,5,3,0,0,1,0,0,0,0,0,0,0,179,51,38,253.465,31,1
10,5,3,0,0,1,0,1,0,0,0,1,0,225,26,28,253.465,24,0
10,5,4,0,1,0,0,0,0,1,0,0,0,260,50,36,253.465,23,1
10,3,2,1,0,0,0,1,0,0,1,0,0,291,31,40,253.465,25,1
10,4,2,0,0,1,0,1,0,0,0,1,0,225,26,28,253.465,24,0
10,5,3,0,0,1,0,0,1,0,1,0,0,289,36,33,253.465,30,1
10,5,5,0,0,1,0,1,0,0,0,0,1,361,52,28,253.465,27,0
10,6,5,0,0,1,0,0,0,1,0,0,0,260,50,36,253.465,23,0
11,1,4,0,0,1,0,0,0,0,0,0,0,179,51,38,306.345,31,0
11,1,3,0,0,1,0,1,0,0,0,1,0,225,26,28,306.345,24,0
11,1,4,1,0,0,0,0,0,0,0,0,0,179,51,38,306.345,31,1
11,3,4,0,1,0,1,0,1,0,0,0,0,179,22,40,306.345,22,1
11,4,4,0,0,1,0,1,0,0,1,0,0,291,31,40,306.345,25,1
11,1,1,1,0,0,0,0,1,0,0,0,0,155,12,34,306.345,25,1
11,2,1,0,0,1,0,0,1,0,0,1,0,189,29,33,306.345,25,1
11,4,1,1,0,0,0,1,0,0,1,0,0,291,31,40,306.345,25,1
11,4,3,0,0,1,0,1,0,0,0,1,0,225,26,28,306.345,24,0
11,4,5,1,0,0,0,0,1,0,0,0,0,155,12,34,306.345,25,1
11,4,3,0,0,1,0,1,0,0,0,1,0,225,26,28,306.345,24,0
11,5,3,0,1,0,1,0,1,0,0,0,0,179,22,40,306.345,22,1
11,4,5,1,0,0,0,1,0,0,0,1,0,225,26,28,306.345,24,0
11,6,5,0,0,1,0,0,0,1,0,0,0,260,50,36,306.345,23,1
11,1,1,0,0,1,0,0,1,0,1,0,0,248,25,47,306.345,32,0
11,2,2,0,0,1,0,1,0,0,0,1,0,225,26,28,306.345,24,0
11,3,3,1,0,0,0,0,1,0,1,0,0,289,36,33,306.345,30,1
11,6,4,0,0,1,0,1,0,0,1,0,0,291,31,40,306.345,25,0
12,1,2,0,0,1,0,0,1,0,1,0,0,248,25,47,261.306,32,0
12,1,2,0,1,0,0,0,0,0,0,0,0,118,10,37,261.306,28,1
12,1,3,0,0,1,0,1,0,0,0,0,0,118,13,50,261.306,31,0
12,1,3,0,0,1,1,1,0,0,1,0,0,235,11,37,261.306,29,1
12,1,4,0,0,1,0,1,0,0,0,1,0,225,26,28,261.306,24,0
12,1,5,0,0,1,0,0,0,1,0,0,0,260,50,36,261.306,23,1
12,2,2,0,1,0,0,0,0,0,0,0,0,118,10,37,261.306,28,1
12,2,3,0,0,1,0,1,0,0,0,0,1,361,52,28,261.306,27,1
12,2,4,0,0,1,0,1,0,0,0,1,0,225,26,28,261.306,24,0
12,3,5,0,0,1,0,0,0,1,0,0,0,260,50,36,261.306,23,0
12,3,2,0,0,1,0,1,0,0,0,1,0,225,26,28,261.306,24,0
12,4,3,0,0,1,0,1,0,0,0,0,1,361,52,28,261.306,27,1
12,3,5,0,0,1,0,0,0,0,0,0,0,118,10,37,261.306,28,0
12,4,5,0,1,0,0,0,0,0,0,0,0,246,25,41,261.306,23,1
12,4,5,0,0,1,0,1,0,0,0,1,0,225,26,28,261.306,24,0
1,2,3,0,0,1,0,1,0,0,0,1,0,225,26,28,308.593,24,0
1,1,1,0,1,0,0,0,0,0,0,0,0,118,10,37,308.593,28,0
1,1,2,0,0,1,0,0,0,0,0,0,0,118,10,37,308.593,28,0
1,1,2,0,1,0,0,0,1,0,0,0,0,155,12,34,308.593,25,1
1,2,3,0,0,1,0,1,0,0,0,1,0,225,26,28,308.593,24,0
1,2,4,0,0,1,0,0,0,0,0,0,0,184,42,27,308.593,21,0
1,2,4,0,0,1,0,1,0,0,0,1,0,225,26,28,308.593,24,0
1,2,5,0,0,1,0,1,0,0,0,1,0,225,26,28,308.593,24,0
1,3,1,0,0,1,0,0,0,0,0,0,0,118,10,37,308.593,28,0
1,3,2,0,0,1,0,1,0,0,0,1,0,225,26,28,308.593,24,0
1,3,2,0,0,1,0,0,0,0,0,0,0,118,10,37,308.593,28,0
1,3,3,0,0,1,0,0,0,0,0,0,0,118,10,37,308.593,28,0
1,3,4,0,0,1,0,0,0,0,0,0,0,118,10,37,308.593,28,0
1,3,5,0,0,1,0,0,0,0,0,0,0,118,10,37,308.593,28,0
1,3,1,0,0,1,0,0,0,0,0,0,0,118,10,37,308.593,28,0
1,3,2,0,0,1,0,0,0,0,0,0,0,118,10,37,308.593,28,0
1,3,2,0,1,0,1,0,0,0,0,0,0,179,26,30,308.593,19,1
1,3,2,0,1,0,0,0,1,0,1,0,0,289,36,33,308.593,30,1
1,3,3,0,0,1,0,0,0,0,0,0,0,118,10,37,308.593,28,0
1,5,4,0,0,1,0,0,0,0,0,0,0,184,42,27,308.593,21,0
1,6,4,0,0,1,0,0,0,0,0,0,0,118,10,37,308.593,28,0
1,5,1,0,0,1,0,0,0,0,0,0,0,118,10,37,308.593,28,0
1,6,2,0,0,1,0,1,0,0,0,1,0,225,26,28,308.593,24,0
1,6,4,0,0,1,0,0,1,0,1,0,0,289,36,33,308.593,30,0
2,1,5,0,0,1,0,0,0,0,0,0,0,184,42,27,302.585,21,0
2,1,3,1,0,0,0,0,0,0,0,0,0,246,25,41,302.585,23,1
2,2,3,1,0,0,0,0,0,0,0,0,0,179,51,38,302.585,31,1
2,3,4,0,0,1,0,0,1,0,0,0,0,155,12,34,302.585,25,0
2,3,4,0,0,1,0,0,1,0,0,1,0,189,29,33,302.585,25,1
2,3,5,0,0,1,0,0,0,1,0,0,0,260,50,36,302.585,23,0
2,3,5,0,0,1,0,0,1,0,1,0,0,289,36,33,302.585,30,1
2,2,1,1,0,0,0,0,0,0,0,0,0,388,15,50,302.585,24,1
2,2,2,1,0,0,0,0,0,0,0,0,0,388,15,50,302.585,24,1
2,3,1,0,0,1,0,1,0,0,0,1,0,225,26,28,302.585,24,0
2,2,2,0,0,1,0,1,0,0,0,1,0,225,26,28,302.585,24,0
2,4,2,0,0,1,1,0,0,0,0,0,0,179,26,30,302.585,19,0
2,5,2,0,0,1,0,0,0,0,0,0,0,184,42,27,302.585,21,1
2,5,4,0,0,1,0,1,0,0,0,1,0,225,26,28,302.585,24,0
2,3,1,0,1,0,1,0,0,0,0,0,0,330,16,28,302.585,25,1
2,4,2,0,0,1,1,0,0,0,0,0,0,330,16,28,302.585,25,0
2,4,3,0,0,1,0,1,0,0,0,1,0,225,26,28,302.585,24,0
2,5,4,0,1,0,0,0,1,0,0,1,0,189,29,33,302.585,25,1
3,1,2,0,0,1,0,0,0,0,0,0,0,291,50,32,343.253,23,0
3,1,2,0,1,0,0,0,0,1,0,0,0,260,50,36,343.253,23,1
3,2,2,0,1,0,0,0,0,0,0,0,0,157,27,29,343.253,22,0
3,3,2,0,0,0,1,0,1,0,0,0,0,179,22,40,343.253,22,1
3,4,3,0,0,1,0,1,0,0,1,0,0,291,31,40,343.253,25,1
3,1,3,1,0,0,0,0,0,1,0,0,0,260,50,36,343.253,23,1
3,1,4,1,0,0,1,0,0,0,0,0,0,179,26,30,343.253,19,1
3,1,5,1,0,0,0,0,1,0,1,0,0,248,25,47,343.253,32,0
3,1,5,1,0,0,0,0,0,1,0,0,0,260,50,36,343.253,23,1
3,2,1,1,0,0,1,0,1,0,0,0,0,179,22,40,343.253,22,1
3,3,1,1,0,0,0,0,1,0,0,0,0,155,12,34,343.253,25,1
3,5,1,0,0,1,0,0,0,1,0,0,0,260,50,36,343.253,23,1
3,5,2,1,0,0,0,0,1,0,0,0,0,155,12,34,343.253,25,1
3,5,4,1,0,0,0,0,1,0,1,0,0,289,36,33,343.253,30,1
3,5,4,1,0,0,1,0,1,0,0,0,0,179,22,40,343.253,22,1
3,5,5,0,0,1,0,0,0,1,0,0,0,260,50,36,343.253,23,1
3,5,5,0,0,1,0,1,0,0,0,1,0,225,26,28,343.253,24,0
3,6,1,1,0,0,0,0,1,0,0,0,0,279,5,39,343.253,24,1
3,6,2,1,0,0,0,0,0,0,0,0,0,179,51,38,343.253,31,1
3,6,3,0,0,1,0,1,0,0,0,1,0,225,26,28,343.253,24,0
3,6,1,1,0,0,0,1,0,0,0,1,0,225,26,28,343.253,24,1
3,6,1,1,0,0,1,0,0,0,0,0,0,179,26,30,343.253,19,0
3,6,2,1,0,0,0,1,0,0,0,1,0,225,26,28,343.253,24,1
3,6,3,1,0,0,0,1,0,0,0,1,0,225,26,28,343.253,24,1
3,6,3,1,0,0,0,0,0,0,0,0,0,179,51,38,343.253,31,0
3,4,4,1,0,0,0,0,1,0,0,0,0,279,5,39,343.253,24,1
3,4,5,0,0,1,0,1,0,0,0,1,0,225,26,28,343.253,24,0
3,5,5,1,0,0,0,0,1,0,1,0,0,248,25,47,343.253,32,0
3,6,1,0,0,1,0,1,0,0,0,1,0,225,26,28,343.253,24,0
4,2,3,0,0,1,0,1,0,0,1,0,0,291,31,40,326.452,25,0
4,3,3,0,0,1,0,1,0,0,0,1,0,225,26,28,326.452,24,0
4,3,2,0,0,1,0,0,1,0,0,0,0,155,12,34,326.452,25,0
4,3,3,1,0,0,0,0,0,0,0,0,0,246,25,41,326.452,23,1
4,3,4,0,0,1,0,0,1,0,0,0,0,155,12,34,326.452,25,0
4,3,5,0,0,1,0,1,0,0,0,1,0,225,26,28,326.452,24,0
4,3,5,0,0,1,0,0,0,1,0,0,0,260,50,36,326.452,23,1
4,2,3,1,0,0,0,0,0,0,0,0,0,179,51,38,326.452,31,1
4,2,4,0,0,1,0,1,0,0,0,0,0,118,13,50,326.452,31,0
4,2,5,0,0,1,0,1,0,0,1,0,0,291,31,40,326.452,25,0
4,2,5,1,0,0,0,0,0,0,0,0,0,246,25,41,326.452,23,1
4,5,5,0,0,1,0,1,0,0,1,0,0,291,31,40,326.452,25,0
4,6,5,0,0,1,0,0,1,0,1,0,0,248,25,47,326.452,32,1
4,6,5,0,1,0,0,0,0,1,0,0,0,260,50,36,326.452,23,1
4,6,2,0,1,0,0,0,1,0,1,0,0,289,36,33,326.452,30,1
4,6,3,1,0,0,0,0,1,0,0,0,0,155,12,34,326.452,25,1
4,6,3,0,1,0,0,0,1,0,0,0,1,378,49,36,326.452,21,1
4,6,4,1,0,0,0,0,1,0,1,0,0,289,36,33,326.452,30,1
4,2,5,1,0,0,1,1,0,0,1,0,0,235,11,37,326.452,29,0
4,1,1,1,0,0,0,1,0,0,0,0,1,235,29,48,326.452,33,0
5,1,3,1,0,0,0,0,1,0,1,0,0,289,36,33,378.884,30,1
5,1,4,0,0,1,0,0,1,0,0,0,0,155,12,34,378.884,25,0
5,1,1,0,0,1,0,0,1,0,0,0,0,155,12,34,378.884,25,0
5,1,2,0,1,0,0,0,0,0,0,0,0,179,51,38,378.884,31,1
5,1,2,0,1,0,0,1,0,0,0,1,0,225,26,28,378.884,24,1
5,3,3,1,0,0,0,0,0,0,0,0,0,184,42,27,378.884,21,1
5,2,1,0,0,1,0,0,1,0,0,0,0,155,12,34,378.884,25,0
5,2,2,1,0,0,0,0,0,0,0,0,0,179,51,38,378.884,31,0
5,1,3,1,0,0,0,0,1,0,1,0,0,289,36,33,378.884,30,1
5,3,3,1,0,0,0,0,1,0,0,0,0,279,5,39,378.884,24,0
5,4,3,1,0,0,1,0,0,0,0,0,0,330,16,28,378.884,25,0
5,5,3,1,0,0,0,0,1,0,0,0,1,378,49,36,378.884,21,0
5,5,3,1,0,0,0,0,0,0,0,0,0,388,15,50,378.884,24,0
5,5,2,1,0,0,0,0,0,0,0,0,0,179,51,38,378.884,31,0
5,3,3,1,0,0,0,1,0,0,0,0,0,118,13,50,378.884,31,1
5,6,5,0,0,1,0,1,0,0,0,0,1,361,52,28,378.884,27,1
6,2,1,0,1,0,0,0,0,0,0,0,0,246,25,41,377.55,23,1
6,3,1,0,0,1,0,1,0,0,0,0,1,361,52,28,377.55,27,1
6,3,2,1,0,0,0,0,0,0,0,0,0,246,25,41,377.55,23,1
6,4,4,0,0,1,0,1,0,0,1,0,0,291,31,40,377.55,25,1
6,4,5,1,0,0,0,0,0,0,0,0,0,246,25,41,377.55,23,1
6,3,1,1,0,0,0,0,0,0,0,0,0,179,51,38,377.55,31,1
6,4,1,0,0,1,0,0,1,0,0,0,0,155,12,34,377.55,25,1
6,6,1,1,0,0,0,0,0,0,0,0,0,246,25,41,377.55,23,1
6,6,3,1,0,0,0,1,0,0,0,0,0,118,13,50,377.55,31,1
6,1,5,1,0,0,1,1,0,0,1,0,0,235,11,37,377.55,29,1
6,2,2,0,0,1,0,1,0,0,0,0,0,118,13,50,377.55,31,0
6,2,3,1,0,0,0,1,0,0,0,0,0,118,13,50,377.55,31,1
6,2,4,0,0,1,0,0,1,0,0,0,1,378,49,36,377.55,21,1
6,2,5,1,0,0,0,0,0,0,0,0,0,179,51,38,377.55,31,0
6,4,1,0,0,1,0,0,0,0,0,1,0,289,48,49,377.55,36,0
6,6,4,0,0,1,0,1,0,0,0,1,0,225,26,28,377.55,24,0
7,1,2,0,1,0,0,0,1,0,0,0,0,155,12,34,275.312,25,1
7,2,3,1,0,0,0,1,0,0,0,0,0,118,13,50,275.312,31,1
7,2,5,1,0,0,0,0,0,0,0,0,0,118,10,37,275.312,28,1
7,2,5,0,0,1,0,0,0,0,0,0,0,118,10,37,275.312,28,1
7,3,2,0,0,1,1,0,0,0,0,0,0,330,16,28,275.312,25,1
7,3,4,0,1,0,1,0,0,0,0,0,0,179,26,30,275.312,19,1
7,3,5,0,0,1,0,0,1,0,0,0,0,155,12,34,275.312,25,0
7,4,1,1,0,0,1,0,0,0,0,0,0,330,16,28,275.312,25,1
7,4,2,1,0,0,1,0,0,0,0,0,0,330,16,28,275.312,25,1
7,4,1,0,0,1,0,0,0,0,0,0,0,157,27,29,275.312,22,0
7,4,2,0,0,1,0,1,0,0,0,0,1,361,52,28,275.312,27,1
7,4,3,0,0,1,0,0,1,0,1,0,0,289,36,33,275.312,30,1
7,5,4,0,0,1,0,0,0,0,0,0,0,179,51,38,275.312,31,1
7,3,1,0,1,0,0,0,1,0,1,0,0,289,36,33,275.312,30,1
7,3,4,0,1,0,0,0,1,0,1,0,0,289,36,33,275.312,30,1
7,5,4,1,0,0,0,0,0,1,0,0,0,260,50,36,275.312,23,0
8,1,4,0,1,0,0,0,1,0,1,0,0,289,36,33,265.615,30,1
8,3,4,0,1,0,0,0,0,0,0,0,0,157,27,29,265.615,22,0
8,2,6,0,0,1,0,0,1,0,1,0,0,289,36,33,265.615,30,0
8,2,1,0,1,0,0,0,1,0,1,0,0,228,14,58,265.615,22,1
8,2,3,1,0,0,0,0,1,0,1,0,0,300,26,43,265.615,25,0
8,2,3,1,0,0,0,0,1,0,1,0,0,300,26,43,265.615,25,0
8,3,4,0,0,1,0,0,0,1,0,0,0,260,50,36,265.615,23,1
8,2,1,0,0,1,0,0,1,0,1,0,0,289,36,33,265.615,30,1
8,2,2,0,0,1,0,0,1,0,1,0,0,248,25,47,265.615,32,0
8,2,3,1,0,0,1,0,0,0,0,0,0,268,11,33,265.615,25,1
8,2,3,0,0,1,1,0,0,0,0,0,0,179,26,30,265.615,19,0
8,2,3,1,0,0,0,1,0,0,0,0,0,118,13,50,265.615,31,0
8,3,6,0,0,1,0,0,1,0,1,0,0,248,25,47,265.615,32,0
8,3,1,0,0,1,1,1,0,0,1,0,0,235,11,37,265.615,29,0
8,4,3,0,0,1,0,1,0,0,0,0,0,118,13,50,265.615,31,0
8,5,3,0,1,0,1,1,0,0,1,0,0,235,11,37,265.615,29,1
8,2,1,1,0,0,0,1,0,0,0,0,1,361,52,28,265.615,27,1
8,6,2,1,0,0,0,0,0,0,0,0,0,184,42,27,265.615,21,1
9,1,1,1,0,0,0,0,0,0,0,0,0,179,51,38,294.217,31,1
9,2,5,0,0,1,0,0,0,0,0,0,0,179,51,38,294.217,31,0
9,2,3,0,1,0,0,0,1,0,1,0,0,289,36,33,294.217,30,1
9,2,4,1,0,0,0,1,0,0,0,0,0,235,20,43,294.217,38,0
9,3,1,1,0,0,0,0,0,0,0,0,0,246,25,41,294.217,23,1
9,3,2,0,0,1,0,1,0,0,1,0,0,291,31,40,294.217,25,0
9,3,2,1,0,0,0,0,1,0,0,1,0,231,35,39,294.217,35,0
9,3,2,1,0,0,0,0,0,0,0,0,0,291,50,32,294.217,23,0
9,3,3,1,0,0,0,0,0,0,0,0,0,179,51,38,294.217,31,1
9,3,3,1,0,0,0,0,0,0,0,0,0,246,25,41,294.217,23,1
9,3,4,0,0,1,0,0,0,0,0,0,0,179,51,38,294.217,31,0
9,4,5,0,0,1,0,1,0,0,1,0,0,291,31,40,294.217,25,1
9,4,5,0,0,1,0,0,0,1,0,0,0,260,50,36,294.217,23,1
9,3,3,0,0,1,0,1,0,0,0,0,0,235,20,43,294.217,38,1
9,3,4,0,0,1,0,1,0,0,0,0,0,118,13,50,294.217,31,0
9,3,4,1,0,0,0,1,0,0,0,0,0,235,20,43,294.217,38,0
9,4,5,0,0,1,0,1,0,0,1,0,0,291,31,40,294.217,25,0
9,6,1,1,0,0,0,1,0,0,1,0,0,291,31,40,294.217,25,1
9,6,1,1,0,0,0,0,0,0,0,0,0,179,51,38,294.217,31,1
10,1,3,0,0,1,0,0,1,0,1,0,0,289,36,33,265.017,30,1
10,1,3,0,0,1,1,1,0,0,1,0,0,235,11,37,265.017,29,1
10,1,3,0,0,1,0,0,1,0,1,0,0,289,36,33,265.017,30,1
10,2,4,0,0,1,0,0,1,0,1,0,0,289,36,33,265.017,30,1
10,2,4,1,0,0,0,1,0,0,0,0,0,118,13,50,265.017,31,0
10,2,4,1,0,0,0,0,1,0,1,0,0,248,25,47,265.017,32,0
10,3,3,1,0,0,1,0,0,0,0,0,0,179,26,30,265.017,19,1
10,3,3,1,0,0,0,0,0,0,0,0,0,118,10,37,265.017,28,0
10,3,3,0,0,1,0,0,0,1,0,0,0,369,17,31,265.017,25,1
10,3,5,0,0,1,0,0,0,0,0,0,0,179,51,38,265.017,31,0
10,3,5,1,0,0,1,0,0,0,0,0,0,179,26,30,265.017,19,1
10,3,5,1,0,0,0,1,0,0,0,0,0,235,20,43,265.017,38,0
10,3,6,0,1,0,0,0,1,0,1,0,0,289,36,33,265.017,30,1
10,4,6,0,0,1,0,0,0,1,0,0,0,260,50,36,265.017,23,0
10,4,6,1,0,0,0,1,0,0,0,0,0,235,20,43,265.017,38,0
10,4,3,0,0,1,0,1,0,0,0,0,0,235,20,43,265.017,38,0
10,4,3,0,0,1,0,1,0,0,0,0,0,235,20,43,265.017,38,0
10,4,4,0,0,1,0,1,0,0,0,0,0,118,13,50,265.017,31,0
10,4,4,0,0,1,0,1,0,0,1,0,0,291,31,40,265.017,25,1
10,5,6,0,0,1,1,0,0,0,0,0,0,179,26,30,265.017,19,1
10,5,6,0,0,1,0,1,0,0,0,0,0,118,13,50,265.017,31,0
10,6,3,1,0,0,0,1,0,0,0,0,1,361,52,28,265.017,27,1
10,6,4,1,0,0,0,0,0,1,0,0,0,260,50,36,265.017,23,0
10,6,4,1,0,0,0,1,0,0,1,0,0,291,31,40,265.017,25,0
10,6,4,1,0,0,0,0,0,0,0,0,0,157,27,29,265.017,22,0
10,6,5,1,0,0,1,0,0,0,0,0,0,179,26,30,265.017,19,1
10,6,5,1,0,0,1,0,0,0,0,0,0,179,26,30,265.017,19,1
10,6,6,0,0,1,0,1,0,0,0,0,0,118,13,50,265.017,31,0
11,2,1,1,0,0,0,0,0,0,0,0,0,118,10,37,284.031,28,1
11,2,1,0,0,1,0,0,1,0,1,0,0,248,25,47,284.031,32,0
11,2,2,1,0,0,0,0,0,0,0,0,0,179,51,38,284.031,31,1
11,3,5,0,0,1,0,0,0,1,0,0,0,260,50,36,284.031,23,0
11,3,1,0,0,1,0,1,0,0,1,0,0,291,31,40,284.031,25,0
11,3,1,1,0,0,0,0,1,0,0,0,1,378,49,36,284.031,21,1
11,3,1,1,0,0,0,0,1,0,0,0,0,155,12,34,284.031,25,1
11,3,1,0,0,1,0,1,0,0,0,0,0,235,20,43,284.031,38,1
11,3,2,1,0,0,1,0,0,0,0,0,0,330,16,28,284.031,25,0
11,4,3,0,1,0,1,1,0,0,1,0,0,235,11,37,284.031,29,0
11,4,3,1,0,0,0,0,0,0,0,0,0,118,10,37,284.031,28,0
11,4,4,0,0,1,1,1,0,0,1,0,0,235,11,37,284.031,29,0
11,4,4,0,0,1,0,0,0,0,0,0,0,179,51,38,284.031,31,0
11,4,5,1,0,0,0,0,0,0,0,0,0,246,25,41,284.031,23,1
11,4,5,1,0,0,0,1,0,0,1,0,0,291,31,40,284.031,25,1
11,5,1,1,0,0,0,0,0,0,0,0,0,246,25,41,284.031,23,1
11,5,2,0,0,1,0,0,0,0,0,0,0,179,51,38,284.031,31,0
11,5,3,1,0,0,0,0,0,1,0,0,0,260,50,36,284.031,23,1
11,5,5,0,0,0,0,0,0,1,0,0,0,260,50,36,284.031,23,1
11,5,5,1,0,0,0,0,1,0,0,0,1,378,49,36,284.031,21,0
11,6,2,1,0,0,0,0,1,0,0,0,0,279,5,39,284.031,24,0
11,5,4,0,0,1,0,0,0,0,0,0,0,179,51,38,284.031,31,0
12,1,1,1,0,0,0,1,0,0,0,1,0,225,26,28,236.629,24,0
12,1,1,0,0,1,0,0,0,0,0,0,0,179,51,38,236.629,31,0
12,1,1,0,0,1,0,0,0,0,0,0,0,179,51,38,236.629,31,0
12,1,1,0,0,1,1,1,0,0,1,0,0,235,11,37,236.629,29,0
12,2,2,0,0,1,0,1,0,0,0,0,0,118,13,50,236.629,31,0
12,2,5,0,0,1,0,0,0,1,0,0,0,260,50,36,236.629,23,1
12,3,4,1,0,0,0,0,0,0,0,0,0,246,25,41,236.629,23,1
12,3,4,0,0,1,0,0,0,0,0,0,0,179,51,38,236.629,31,0
12,4,5,0,0,1,0,0,0,0,0,0,0,179,51,38,236.629,31,0
12,4,2,0,0,1,1,0,0,0,0,0,0,179,26,30,236.629,19,0
12,4,2,0,0,1,0,0,0,0,0,0,0,118,10,37,236.629,28,1
12,5,4,0,0,1,1,1,0,0,1,0,0,235,11,37,236.629,29,0
12,5,5,0,0,1,0,0,0,0,0,0,0,179,51,38,236.629,31,0
12,4,2,1,0,0,0,1,0,0,0,0,0,235,20,43,236.629,38,1
12,4,2,1,0,0,1,1,0,0,1,0,0,235,11,37,236.629,29,1
12,5,3,0,0,1,0,0,0,1,0,0,0,260,50,36,236.629,23,1
12,4,1,0,0,1,0,0,0,0,0,0,0,157,27,29,236.629,22,0
12,4,1,0,0,1,0,0,0,0,0,0,0,179,51,38,236.629,31,0
12,4,1,0,1,0,0,0,1,0,1,0,0,289,36,33,236.629,30,1
1,1,3,0,0,1,0,1,0,0,0,1,0,225,26,28,330.061,24,1
1,2,1,0,1,0,0,0,0,0,0,0,0,118,10,37,330.061,28,1
1,2,1,0,0,1,0,0,1,0,0,0,0,155,12,34,330.061,25,0
1,1,2,1,0,0,1,1,0,0,1,0,0,235,11,37,330.061,29,0
1,1,2,0,0,1,0,0,1,0,0,0,0,155,12,34,330.061,25,1
1,2,1,0,0,1,0,0,1,0,1,0,0,289,36,33,330.061,30,1
1,3,3,1,0,0,0,1,0,0,1,0,0,291,31,40,330.061,25,1
1,4,1,0,0,1,0,1,0,0,0,0,0,235,20,43,330.061,38,1
1,4,1,0,0,1,0,1,0,0,0,0,0,118,13,50,330.061,31,1
1,5,3,0,0,1,0,0,0,0,0,0,0,179,51,38,330.061,31,0
1,6,5,0,0,1,0,0,0,0,0,0,0,179,51,38,330.061,31,0
2,2,2,0,0,1,0,0,0,0,0,0,0,118,10,37,251.818,28,0
2,1,3,0,0,1,0,0,0,0,0,0,0,179,51,38,251.818,31,0
2,1,3,1,0,0,0,1,0,0,0,1,0,225,26,28,251.818,24,0
2,1,5,0,0,1,0,0,1,0,1,0,0,289,36,33,251.818,30,0
2,2,5,0,0,1,0,0,0,1,0,0,0,260,50,36,251.818,23,0
2,4,5,0,0,1,0,0,0,0,0,0,0,179,51,38,251.818,31,0
2,3,1,0,0,1,0,0,0,0,0,0,0,179,51,38,251.818,31,0
2,3,3,0,0,1,0,0,0,0,0,0,0,179,51,38,251.818,31,0
2,4,4,1,0,0,0,0,0,0,0,0,0,179,51,38,251.818,31,1
2,4,4,0,0,1,0,0,0,0,0,0,0,246,25,41,251.818,23,1
2,4,5,0,0,1,0,0,0,0,0,0,0,179,51,38,251.818,31,0
2,3,1,0,0,1,0,0,1,0,0,1,0,189,29,33,251.818,25,1
2,3,1,0,0,1,0,0,0,0,0,0,0,179,51,38,251.818,31,0
2,5,2,0,0,1,0,0,0,0,0,0,0,246,25,41,251.818,23,0
2,5,2,0,0,1,0,1,0,0,1,0,0,291,31,40,251.818,25,0
2,5,3,1,0,0,0,0,0,0,0,0,0,157,27,29,251.818,22,1
2,5,3,0,0,1,0,0,0,0,0,0,0,179,51,38,251.818,31,0
2,5,5,0,0,1,0,0,0,0,0,0,0,179,51,38,251.818,31,0
2,5,5,1,0,0,0,0,0,0,0,0,0,246,25,41,251.818,23,1
2,5,3,0,0,1,0,0,0,0,0,0,0,179,51,38,251.818,31,0
2,5,5,0,0,1,0,0,0,0,0,0,0,179,51,38,251.818,31,0
3,2,2,0,1,0,0,0,0,0,0,0,0,118,10,37,244.387,28,1
3,2,3,0,1,0,0,0,0,0,0,0,0,246,25,41,244.387,23,1
3,2,5,0,0,1,0,0,0,0,0,0,0,246,25,41,244.387,23,0
3,2,5,0,0,1,0,0,0,1,0,0,0,260,50,36,244.387,23,1
3,3,1,0,0,1,0,0,0,0,0,0,0,179,51,38,244.387,31,0
3,3,1,0,0,1,1,1,0,0,1,0,0,235,11,37,244.387,29,1
3,3,2,0,0,1,1,0,1,0,0,0,0,179,22,40,244.387,22,1
3,3,2,0,0,1,0,0,1,0,0,0,1,378,49,36,244.387,21,1
3,4,1,0,0,1,0,0,0,0,0,0,0,179,51,38,244.387,31,1
3,5,3,0,0,1,0,1,0,0,0,0,1,361,52,28,244.387,27,1
3,5,3,1,0,0,0,0,0,1,0,0,0,369,17,31,244.387,25,0
3,5,4,0,1,0,1,1,0,0,1,0,0,235,11,37,244.387,29,1
3,5,5,0,0,1,0,1,0,0,0,0,0,118,13,50,244.387,31,0
3,6,2,1,0,0,0,1,0,0,0,0,0,118,13,50,244.387,31,0
3,6,3,1,0,0,0,1,0,0,0,0,0,118,13,50,244.387,31,1
3,6,4,1,0,0,1,1,0,0,1,0,0,235,11,37,244.387,29,0
3,6,4,1,0,0,0,0,0,0,0,0,0,246,25,41,244.387,23,0
3,6,4,1,0,0,0,1,0,0,0,0,0,118,13,50,244.387,31,0
3,6,5,0,0,1,0,0,0,0,0,0,0,179,51,38,244.387,31,1
3,6,5,0,0,1,0,0,1,0,1,0,0,289,36,33,244.387,30,1
3,6,1,0,1,0,0,0,0,1,0,0,0,260,50,36,244.387,23,1
3,6,2,0,0,1,0,0,0,0,0,0,0,246,25,41,244.387,23,0
4,1,3,0,0,1,0,0,0,0,0,0,0,179,51,38,239.409,31,1
4,2,5,0,0,1,0,0,0,1,0,0,0,260,50,36,239.409,23,0
4,2,5,0,0,1,1,0,0,0,0,0,0,330,16,28,239.409,25,1
4,2,1,0,0,1,0,0,0,1,0,0,0,369,17,31,239.409,25,1
4,2,1,0,0,1,0,0,1,0,1,0,0,248,25,47,239.409,32,1
4,3,3,0,0,1,1,0,0,0,0,0,0,330,16,28,239.409,25,1
4,3,3,0,0,1,0,0,0,0,0,0,0,179,51,38,239.409,31,1
4,4,1,0,0,1,0,1,0,0,0,0,0,118,13,50,239.409,31,0
4,4,3,1,0,0,0,1,0,0,0,0,0,118,13,50,239.409,31,1
4,6,5,0,0,1,0,0,1,0,1,0,0,300,26,43,239.409,25,1
4,6,5,0,0,1,0,0,0,1,0,0,0,260,50,36,239.409,23,1
4,5,1,0,0,1,0,0,0,0,0,0,0,179,51,38,239.409,31,1
4,6,3,1,0,0,0,0,0,0,0,0,0,118,10,37,239.409,28,0
5,1,1,1,0,0,0,1,0,0,0,0,0,235,20,43,246.074,38,1
5,1,3,0,0,1,0,0,1,0,1,0,0,248,25,47,246.074,32,0
5,2,1,1,0,0,0,0,0,1,0,0,0,369,17,31,246.074,25,1
5,2,3,0,0,1,1,0,0,0,0,0,0,179,26,30,246.074,19,0
5,2,3,0,0,1,0,0,0,0,0,0,0,179,51,38,246.074,31,1
5,3,4,0,0,1,0,1,0,0,0,0,1,361,52,28,246.074,27,0
5,3,5,0,0,1,0,0,0,1,0,0,0,260,50,36,246.074,23,0
5,3,1,1,0,0,1,0,1,0,0,0,0,179,22,40,246.074,22,0
5,3,1,1,0,0,1,0,1,0,0,0,0,179,22,40,246.074,22,0
5,4,3,0,1,0,0,0,1,0,1,0,0,228,14,58,246.074,22,1
5,4,3,0,0,1,0,1,0,0,0,1,0,225,26,28,246.074,24,0
5,4,5,1,0,0,1,0,0,0,0,0,0,330,16,28,246.074,25,1
5,5,1,0,0,1,1,0,0,0,0,0,0,179,26,30,246.074,19,0
5,5,1,0,0,1,0,0,0,0,0,0,0,118,10,37,246.074,28,0
5,6,1,1,0,0,1,1,0,0,1,0,0,235,11,37,246.074,29,1
5,6,3,0,0,1,1,0,0,0,0,0,0,179,26,30,246.074,19,0
6,1,1,0,0,1,0,0,0,0,0,0,0,118,10,37,253.957,28,0
6,1,1,0,0,1,0,0,0,0,0,0,0,179,51,38,253.957,31,0
6,2,2,0,0,1,0,0,0,0,0,0,0,118,10,37,253.957,28,0
6,2,4,0,0,1,0,1,0,0,0,1,0,225,26,28,253.957,24,1
6,2,5,0,0,1,0,0,0,1,0,0,0,260,50,36,253.957,23,1
6,2,5,1,0,0,0,0,0,0,0,0,0,179,51,38,253.957,31,0
6,3,1,1,0,0,0,1,0,0,1,0,0,291,31,40,253.957,25,1
6,3,1,0,0,1,0,0,0,0,0,0,0,179,51,38,253.957,31,1
6,3,2,0,0,1,0,0,0,0,0,0,0,246,25,41,253.957,23,0
6,4,1,0,0,1,0,0,0,0,0,0,0,179,51,38,253.957,31,1
6,4,2,0,0,1,0,1,0,0,0,0,0,235,20,43,253.957,38,1
6,6,1,0,0,1,0,0,0,0,0,0,0,179,51,38,253.957,31,0
6,6,3,0,0,1,0,1,0,0,0,1,0,225,26,28,253.957,24,0
6,6,3,0,0,1,0,1,0,0,0,0,0,118,13,50,253.957,31,0
6,6,3,1,0,0,0,0,0,0,0,0,0,179,51,38,253.957,31,1
6,6,3,0,1,0,1,0,0,0,0,0,0,179,26,30,253.957,19,0
6,6,5,0,0,1,0,0,0,0,0,0,0,246,25,41,253.957,23,0
6,6,2,1,0,0,1,0,0,0,0,0,0,330,16,28,253.957,25,0
6,6,2,1,0,0,1,1,0,0,1,0,0,235,11,37,253.957,29,1
7,2,4,0,0,1,1,0,0,0,0,0,0,179,26,30,230.29,19,0
7,2,4,0,0,1,0,1,0,0,0,1,0,225,26,28,230.29,24,1
7,2,5,1,0,0,0,0,0,1,0,0,0,260,50,36,230.29,23,1
7,2,1,1,0,0,1,0,0,0,0,0,0,268,11,33,230.29,25,1
7,3,5,0,0,1,1,0,0,0,0,0,0,330,16,28,230.29,25,1
7,3,5,0,0,1,0,0,0,0,0,0,0,118,10,37,230.29,28,1
7,4,1,0,0,1,0,0,0,1,0,0,0,260,50,36,230.29,23,1
7,4,2,0,0,1,0,0,0,0,0,0,0,118,10,37,230.29,28,1
7,5,1,0,0,0,0,0,1,0,1,0,0,300,26,43,230.29,25,1
7,5,1,0,0,1,0,1,0,0,0,0,1,235,29,48,230.29,33,0
7,5,2,0,0,1,0,0,0,0,0,0,0,246,25,41,230.29,23,0
7,5,2,1,0,0,0,1,0,0,0,1,0,225,26,28,230.29,24,1
7,5,2,0,0,1,0,0,0,0,0,0,0,179,51,38,230.29,31,0
7,6,5,0,0,1,0,1,0,0,0,0,0,118,13,50,230.29,31,0
7,6,5,0,0,1,0,1,0,0,0,0,1,361,52,28,230.29,27,1
7,5,1,0,0,1,0,0,1,0,1,0,0,289,36,33,230.29,30,1
7,5,1,0,0,1,0,1,0,0,0,0,0,235,20,43,230.29,38,1
7,5,2,0,0,1,0,0,0,0,0,0,0,246,25,41,230.29,23,0
7,6,4,0,0,1,0,1,0,0,1,0,0,291,31,40,230.29,25,0
7,6,4,0,0,1,0,0,1,0,0,0,0,279,5,39,230.29,24,0
8,1,4,0,0,1,0,0,0,0,0,0,0,179,51,38,249.797,31,1
8,2,1,0,0,1,1,0,1,0,0,0,0,179,22,40,249.797,22,0
8,2,2,0,0,1,0,0,0,0,0,0,0,246,25,41,249.797,23,1
8,2,2,0,0,1,0,0,0,0,0,0,0,118,10,37,249.797,28,1
8,2,2,0,0,1,0,0,1,0,1,0,0,289,36,33,249.797,30,1
8,2,2,0,0,1,0,1,0,0,0,0,0,235,20,43,249.797,38,1
8,2,4,0,0,1,0,1,0,0,1,0,0,291,31,40,249.797,25,1
8,3,1,0,0,1,0,0,0,0,0,0,0,179,51,38,249.797,31,1
8,3,2,0,0,1,1,0,1,0,0,0,0,179,22,40,249.797,22,1
8,4,4,0,0,1,1,0,0,0,0,0,0,330,16,28,249.797,25,1
8,5,2,0,0,1,1,1,0,0,1,0,0,235,11,37,249.797,29,1
8,5,2,0,0,1,0,0,0,0,0,0,0,246,25,41,249.797,23,0
8,5,2,0,0,1,0,0,0,0,0,0,0,118,10,37,249.797,28,1
8,5,4,0,0,1,0,1,0,0,1,0,0,291,31,40,249.797,25,0
8,6,1,0,0,1,0,0,0,1,0,0,0,260,50,36,249.797,23,0
9,1,2,0,0,1,0,0,0,0,0,0,0,246,25,41,261.756,23,0
9,1,2,0,0,1,0,0,0,0,0,0,0,246,25,41,261.756,23,0
9,1,2,0,0,1,0,0,0,0,0,0,0,118,10,37,261.756,28,0
9,1,2,0,0,1,0,0,1,0,0,0,0,155,12,34,261.756,25,0
9,2,4,0,0,1,0,1,0,0,1,0,0,291,31,40,261.756,25,0
9,2,5,0,0,1,1,0,0,0,0,0,0,179,26,30,261.756,19,1
9,2,5,0,0,1,0,0,1,0,1,0,0,248,25,47,261.756,32,0
9,3,1,0,0,1,0,0,0,0,0,0,0,179,51,38,261.756,31,1
9,3,3,0,0,1,0,1,0,0,0,1,0,225,26,28,261.756,24,0
9,4,1,0,0,1,1,0,0,0,0,0,0,179,26,30,261.756,19,0
9,4,2,0,0,1,0,0,0,1,0,0,0,369,17,31,261.756,25,1
9,6,2,0,0,1,0,1,0,0,0,0,1,361,52,28,261.756,27,1
10,1,4,1,0,0,0,0,0,0,0,1,0,289,48,49,284.853,36,0
10,1,4,1,0,0,1,0,0,0,0,0,0,235,16,32,284.853,25,0
10,2,5,0,0,1,0,0,0,0,0,0,0,246,25,41,284.853,23,1
10,3,3,1,0,0,0,0,0,0,0,1,0,289,48,49,284.853,36,0
10,3,3,0,0,1,0,1,0,0,1,0,0,291,31,40,284.853,25,0
10,4,2,0,0,1,0,0,0,0,0,0,0,118,10,37,284.853,28,0
10,4,4,0,0,1,0,0,0,0,0,1,0,289,48,49,284.853,36,0
10,4,5,0,0,1,0,1,0,0,1,0,0,291,31,40,284.853,25,0
10,5,2,0,0,1,0,1,0,0,0,1,0,225,26,28,284.853,24,0
10,5,2,0,0,1,0,0,0,1,0,0,0,369,17,31,284.853,25,1
10,5,2,0,0,1,0,0,0,1,0,0,0,369,17,31,284.853,25,0
10,5,2,0,0,1,0,1,0,0,0,1,0,225,26,28,284.853,24,1
10,5,2,0,0,1,0,0,0,1,0,0,0,369,17,31,284.853,25,1
10,5,3,0,0,1,0,0,0,0,0,0,0,179,51,38,284.853,31,0
10,5,3,1,0,0,0,0,1,0,1,0,0,228,14,58,284.853,22,0
10,5,3,0,0,1,0,1,0,0,1,0,0,291,31,40,284.853,25,0
10,6,4,1,0,0,0,0,0,1,0,0,0,369,17,31,284.853,25,1
10,6,4,1,0,0,0,1,0,0,0,1,0,225,26,28,284.853,24,0
10,6,5,1,0,0,0,0,0,1,0,0,0,369,17,31,284.853,25,1
10,6,5,1,0,0,0,1,0,0,0,1,0,225,26,28,284.853,24,0
10,6,6,0,0,1,0,0,1,0,0,1,0,189,29,33,284.853,25,1
10,6,6,1,0,0,1,0,0,0,0,0,0,235,16,32,284.853,25,1
10,6,6,1,0,0,0,0,1,0,1,0,0,248,25,47,284.853,32,1
10,6,6,1,0,0,0,1,0,0,0,1,0,225,26,28,284.853,24,0
10,6,2,1,0,0,0,1,0,0,0,1,0,225,26,28,284.853,24,0
11,2,2,0,1,0,0,0,0,0,0,0,0,179,51,38,268.519,31,0
11,2,3,0,0,1,0,0,0,0,0,0,0,118,10,37,268.519,28,0
11,2,3,1,0,0,1,0,0,0,0,0,0,330,16,28,268.519,25,1
11,2,5,0,0,1,0,0,0,0,0,0,0,179,51,38,268.519,31,0
11,3,2,1,0,0,0,0,0,0,0,0,0,118,10,37,268.519,28,1
11,3,3,0,0,1,0,0,1,0,1,0,0,289,36,33,268.519,30,1
11,4,5,1,0,0,1,0,0,0,0,0,0,235,16,32,268.519,25,1
11,4,5,0,0,1,0,1,0,0,0,1,0,225,26,28,268.519,24,1
11,5,2,0,0,1,0,1,0,0,0,0,1,361,52,28,268.519,27,1
11,5,3,0,0,1,0,1,0,0,1,0,0,291,31,40,268.519,25,0
11,5,4,1,0,0,0,0,0,0,0,0,0,118,10,37,268.519,28,0
11,5,4,1,0,0,0,1,0,0,0,1,0,225,26,28,268.519,24,0
11,6,1,0,0,1,0,0,0,0,0,0,0,179,51,38,268.519,31,0
11,6,1,0,0,1,0,0,0,0,0,0,0,118,10,37,268.519,28,1
11,6,2,1,0,0,0,0,0,0,0,0,0,118,10,37,268.519,28,1
11,6,2,0,0,1,0,1,0,0,0,1,0,225,26,28,268.519,24,0
11,6,2,1,0,0,0,1,0,0,1,0,0,291,31,40,268.519,25,0
11,6,3,1,0,0,0,0,1,0,1,0,0,289,36,33,268.519,30,0
11,6,4,1,0,0,0,0,1,0,1,0,0,248,25,47,268.519,32,1
11,6,4,1,0,0,0,1,0,0,0,0,0,235,20,43,268.519,38,0
11,5,5,0,0,1,0,1,0,0,0,1,0,225,26,28,268.519,24,0
11,5,5,0,0,1,0,0,0,1,0,0,0,369,17,31,268.519,25,1
11,6,1,0,0,1,0,1,0,0,0,0,1,361,52,28,268.519,27,0
12,1,2,1,0,0,0,0,0,0,0,0,0,179,51,38,280.549,31,1
12,2,3,0,0,1,0,1,0,0,1,0,0,291,31,40,280.549,25,0
12,2,3,0,0,1,0,1,0,0,0,1,0,225,26,28,280.549,24,0
12,2,5,1,0,0,1,0,0,0,0,0,0,179,26,30,280.549,19,0
12,2,5,0,0,1,0,1,0,0,0,1,0,225,26,28,280.549,24,0
12,3,3,0,0,1,0,1,0,0,0,1,0,225,26,28,280.549,24,0
12,3,4,1,0,0,0,1,0,0,0,0,1,361,52,28,280.549,27,1
12,3,5,0,1,0,1,0,1,0,0,0,0,179,22,40,280.549,22,0
12,3,5,0,0,1,0,1,0,0,0,0,0,235,20,43,280.549,38,1
12,4,1,0,1,0,1,1,0,0,0,0,1,233,51,31,280.549,21,1
12,4,2,1,0,0,1,0,0,0,0,0,0,179,26,30,280.549,19,1
12,4,2,0,0,1,0,1,0,0,0,1,0,225,26,28,280.549,24,0
12,5,4,0,0,1,0,1,0,0,0,1,0,225,26,28,280.549,24,0
12,4,1,0,0,1,0,1,0,0,0,1,0,225,26,28,280.549,24,0
12,4,2,0,1,0,0,0,1,0,0,0,0,155,12,34,280.549,25,1
1,1,1,1,0,0,1,0,0,0,0,0,0,179,26,30,313.532,19,1
1,1,4,1,0,0,1,0,0,0,0,0,0,179,26,30,313.532,19,1
1,1,4,0,0,1,1,0,1,0,0,0,0,179,22,40,313.532,22,0
1,1,5,0,0,1,1,0,1,0,0,0,0,179,22,40,313.532,22,0
1,2,1,1,0,0,1,0,0,0,0,0,0,179,26,30,313.532,19,0
1,2,3,0,0,1,1,0,1,0,0,0,0,179,22,40,313.532,22,0
1,3,4,1,0,0,0,0,0,0,0,1,0,289,48,49,313.532,36,1
1,3,5,0,1,0,1,0,1,0,0,0,0,179,22,40,313.532,22,0
1,3,1,0,0,1,1,0,0,0,0,0,0,179,26,30,313.532,19,0
1,4,2,0,1,0,0,0,1,0,0,0,0,155,12,34,313.532,25,1
1,4,3,0,0,1,1,0,0,0,0,0,0,179,26,30,313.532,19,0
1,4,3,0,0,1,0,0,0,0,0,0,0,179,51,38,313.532,31,0
1,4,3,1,0,0,0,0,1,0,1,0,0,289,36,33,313.532,30,1
1,4,4,0,0,1,0,0,0,0,0,0,0,179,51,38,313.532,31,0
1,6,5,0,0,1,0,0,0,0,0,0,0,179,51,38,313.532,31,0
2,2,2,1,0,0,0,0,0,0,0,0,0,179,51,38,264.249,31,1
2,2,2,0,0,1,0,1,0,0,0,1,0,225,26,28,264.249,24,0
2,2,3,1,0,0,0,0,1,0,1,0,0,248,25,47,264.249,32,1
2,2,3,0,0,1,0,0,0,0,0,0,0,179,51,38,264.249,31,0
2,2,4,0,0,1,0,1,0,0,0,1,0,225,26,28,264.249,24,0
2,2,4,0,0,1,0,0,0,0,0,0,0,179,51,38,264.249,31,0
2,2,4,0,0,1,1,0,0,0,0,0,0,179,26,30,264.249,19,0
2,2,5,0,0,1,1,0,1,0,0,1,0,225,15,41,264.249,28,0
2,2,5,0,0,1,0,0,0,0,0,0,0,179,51,38,264.249,31,0
2,3,1,0,1,0,1,1,0,0,0,0,1,233,51,31,264.249,21,0
2,3,1,0,0,1,0,0,0,0,0,0,0,179,51,38,264.249,31,0
2,3,2,1,0,0,0,1,0,0,0,1,0,225,26,28,264.249,24,1
2,3,3,0,0,1,0,0,0,0,0,0,0,179,51,38,264.249,31,0
2,3,4,0,0,1,0,0,0,0,0,0,0,179,51,38,264.249,31,0
2,3,4,0,0,1,0,1,0,0,0,1,0,225,26,28,264.249,24,0
2,3,4,1,0,0,1,0,0,0,0,0,0,179,26,30,264.249,19,0
2,4,5,0,0,1,1,0,1,0,0,0,0,179,22,40,264.249,22,0
2,4,5,0,0,1,0,0,0,0,0,0,0,179,51,38,264.249,31,0
2,5,3,1,0,0,1,1,0,0,0,0,1,233,51,31,264.249,21,0
2,5,3,0,0,1,1,0,0,0,0,0,0,179,26,30,264.249,19,0
2,5,3,0,0,1,0,0,0,0,0,0,0,179,51,38,264.249,31,0
2,5,4,1,0,0,0,0,0,0,0,0,0,179,51,38,264.249,31,1
2,5,5,0,0,1,0,0,0,0,0,0,0,179,51,38,264.249,31,0
2,6,1,0,0,1,0,0,1,0,0,0,0,155,12,34,264.249,25,1
2,6,1,0,0,1,1,0,0,0,0,0,0,235,16,32,264.249,25,0
2,6,1,0,0,1,0,0,0,0,0,0,0,179,51,38,264.249,31,0
2,6,1,1,0,0,0,1,0,0,0,1,0,225,26,28,264.249,24,0
2,6,2,0,0,1,0,0,0,0,0,0,0,179,51,38,264.249,31,0
2,6,2,0,0,1,0,0,1,0,1,0,0,248,25,47,264.249,32,0
2,6,2,0,0,1,0,1,0,0,0,1,0,225,26,28,264.249,24,0
2,6,3,0,0,1,0,0,0,0,0,0,0,179,51,38,264.249,31,0
2,5,4,0,0,1,0,0,0,0,0,0,0,179,51,38,264.249,31,0
2,5,5,0,0,1,1,0,0,0,0,0,0,235,16,32,264.249,25,0
3,1,1,0,0,1,0,0,0,0,0,0,0,179,51,38,222.196,31,0
3,1,1,0,0,1,0,0,1,0,1,0,0,248,25,47,222.196,32,0
3,2,2,0,0,1,0,0,1,0,1,0,0,228,14,58,222.196,22,0
3,2,2,0,0,1,0,0,1,0,1,0,0,248,25,47,222.196,32,0
3,2,2,1,0,0,0,0,1,0,1,0,0,228,14,58,222.196,22,1
3,2,3,0,0,1,0,0,0,0,0,0,0,179,51,38,222.196,31,0
3,2,4,0,0,1,0,1,0,0,0,1,0,225,26,28,222.196,24,0
3,2,4,0,0,1,0,0,0,0,0,0,0,179,51,38,222.196,31,0
3,2,4,0,0,1,0,1,0,0,0,1,0,225,26,28,222.196,24,0
3,2,5,0,0,1,1,0,0,0,0,0,0,179,26,30,222.196,19,0
3,3,1,0,0,1,1,0,0,0,0,0,0,235,16,32,222.196,25,0
3,3,1,0,1,0,0,1,0,0,0,0,1,361,52,28,222.196,27,1
3,3,2,1,0,0,0,0,0,0,0,0,0,179,51,38,222.196,31,1
3,3,3,0,0,1,0,0,0,0,0,0,0,179,51,38,222.196,31,0
3,3,4,0,0,1,0,0,0,0,0,0,0,179,51,38,222.196,31,0
3,4,5,0,0,1,1,0,0,0,0,0,0,179,26,30,222.196,19,0
3,4,1,1,0,0,0,0,0,0,0,0,0,179,51,38,222.196,31,1
3,4,1,1,0,0,0,0,1,0,1,0,0,248,25,47,222.196,32,0
3,4,1,0,0,1,0,0,0,0,0,0,0,179,51,38,222.196,31,0
3,4,1,1,0,0,0,1,0,0,0,1,0,225,26,28,222.196,24,1
3,4,2,0,0,1,0,0,0,0,0,0,0,179,51,38,222.196,31,0
3,5,3,0,0,1,0,0,1,0,1,0,0,289,36,33,222.196,30,1
3,5,3,0,0,1,0,0,1,0,1,0,0,228,14,58,222.196,22,0
3,5,3,0,0,1,0,0,0,0,0,0,0,179,51,38,222.196,31,0
3,5,4,0,0,1,0,0,1,0,1,0,0,248,25,47,222.196,32,0
3,5,4,0,0,1,0,0,0,0,0,0,0,179,51,38,222.196,31,0
3,5,5,0,0,1,1,0,0,0,0,0,0,179,26,30,222.196,19,0
3,5,5,0,0,1,0,0,0,0,0,0,0,179,51,38,222.196,31,0
3,6,2,0,0,1,0,0,0,0,0,0,0,179,51,38,222.196,31,0
3,6,3,0,0,1,0,0,1,0,0,0,0,118,15,46,222.196,25,1
3,6,3,1,0,0,0,0,1,0,0,0,0,155,12,34,222.196,25,1
3,6,3,0,0,1,0,0,0,0,0,0,0,179,51,38,222.196,31,0
3,6,4,0,0,1,0,0,0,0,0,0,0,179,51,38,222.196,31,0
3,6,1,1,0,0,1,0,0,0,0,0,0,179,26,30,222.196,19,0
3,6,1,0,1,0,0,0,1,0,1,0,0,289,36,33,222.196,30,1
3,6,3,0,0,1,0,0,0,1,0,0,0,369,17,31,222.196,25,1
4,1,1,1,0,0,0,1,0,0,0,1,0,225,26,28,246.288,24,1
4,1,1,1,0,0,0,0,0,0,0,0,0,118,10,37,246.288,28,1
4,1,2,0,1,0,0,1,0,0,0,0,1,361,52,28,246.288,27,1
4,1,3,0,1,0,0,0,1,0,1,0,0,248,25,47,246.288,32,1
4,1,4,1,0,0,0,0,1,0,0,1,0,189,29,33,246.288,25,1
4,2,5,0,0,1,1,0,0,0,0,0,0,179,26,30,246.288,19,0
4,2,1,1,0,0,0,0,0,1,0,0,0,369,17,31,246.288,25,1
4,2,2,0,0,0,1,0,1,0,0,0,0,179,22,40,246.288,22,0
4,2,2,0,0,1,0,1,0,0,0,0,0,118,13,50,246.288,31,0
4,2,2,0,0,1,0,1,0,0,0,0,1,361,52,28,246.288,27,0
4,3,3,1,0,0,0,0,0,0,0,0,0,118,10,37,246.288,28,0
4,3,5,0,0,1,1,1,0,0,1,0,0,235,11,37,246.288,29,1
4,3,5,0,0,1,1,0,0,0,0,0,0,179,26,30,246.288,19,0
4,4,1,0,1,0,0,1,0,0,0,1,0,225,26,28,246.288,24,1
4,4,2,0,0,0,1,0,0,0,0,0,0,235,16,32,246.288,25,0
4,4,5,0,0,1,1,0,0,0,0,0,0,179,26,30,246.288,19,0
4,5,2,0,0,1,0,0,1,0,0,0,0,155,12,34,246.288,25,1
4,6,4,0,1,0,0,1,0,0,0,1,0,225,26,28,246.288,24,1
4,6,4,1,0,0,0,1,0,0,0,0,0,118,13,50,246.288,31,0
4,6,5,0,0,1,1,0,0,0,0,0,0,179,26,30,246.288,19,0
5,2,1,0,0,1,1,1,0,0,1,0,0,235,11,37,237.656,29,1
5,2,3,0,1,0,1,0,1,0,0,1,0,225,15,41,237.656,28,0
5,2,3,0,0,1,1,0,0,0,0,0,0,235,16,32,237.656,25,0
5,2,3,1,0,0,0,0,0,0,0,0,0,118,10,37,237.656,28,0
5,2,3,0,0,1,0,1,0,0,0,0,0,235,20,43,237.656,38,1
5,2,4,1,0,0,1,0,0,0,0,0,0,179,26,30,237.656,19,0
5,2,4,0,0,1,0,1,0,0,1,0,0,291,31,40,237.656,25,0
5,2,4,1,0,0,1,0,1,0,0,1,0,225,15,41,237.656,28,1
5,3,5,0,1,0,0,0,1,0,1,0,0,300,26,43,237.656,25,1
5,3,5,0,0,1,1,0,1,0,0,1,0,225,15,41,237.656,28,1
5,3,5,0,0,1,1,0,0,0,0,0,0,179,26,30,237.656,19,0
5,3,1,0,0,1,0,1,0,0,0,0,0,118,13,50,237.656,31,0
5,3,2,1,0,0,0,1,0,0,0,0,0,118,13,50,237.656,31,0
5,3,2,0,0,1,0,0,0,0,0,0,0,118,10,37,237.656,28,0
5,3,2,1,0,0,0,1,0,0,0,0,0,118,13,50,237.656,31,0
5,4,3,0,0,1,1,0,0,0,0,0,0,179,26,30,237.656,19,0
5,4,3,1,0,0,0,0,1,0,0,0,1,378,49,36,237.656,21,0
5,4,5,0,0,0,1,0,1,0,0,0,0,179,22,40,237.656,22,0
5,5,1,1,0,0,0,0,1,0,0,0,0,155,12,34,237.656,25,1
5,5,1,1,0,0,1,0,0,0,0,0,0,235,16,32,237.656,25,1
5,5,3,0,0,1,0,1,0,0,1,0,0,291,31,40,237.656,25,1
5,5,3,1,0,0,1,0,1,0,0,0,0,179,22,40,237.656,22,1
5,5,3,1,0,0,0,1,0,0,0,1,0,225,26,28,237.656,24,0
5,5,4,1,0,0,1,0,0,0,0,0,0,330,16,28,237.656,25,1
5,5,4,0,0,1,1,0,0,0,0,0,0,235,16,32,237.656,25,0
5,6,4,0,0,1,0,1,0,0,1,0,0,291,31,40,237.656,25,0
